{
  "load_intensity": 0.19145392745145473,
  "total_requests": 0.1506545241858953,
  "avg_cpu_usage": 0.14099053047106166,
  "max_cpu_usage": 0.07763101678216064,
  "avg_memory_usage": 0.05499070356739612,
  "max_memory_usage": 0.18808110204170447,
  "avg_disk_usage": 0.12655273863786892,
  "max_disk_usage": 0.1402481271649817,
  "overall_success_rate": 0.1068208753443962,
  "avg_response_time_ms": 0.24708559535799815,
  "p95_response_time_ms": 0.2366862031047824,
  "p99_response_time_ms": 0.05329638080857518,
  "throughput_rps": 0.14449622533318743
}
